Dag,Day,Dag meneer, hoe gaat het,Good day sir, how are you
experimenten,experiments,De experimenten zijn succesvol verlopen,The experiments have been successful
Institute,Institute,Het Institute doet onderzoek naar klimaatverandering,The Institute researches climate change
welvaart,prosperity,De welvaart in het land is toegenomen,Prosperity in the country has increased
operationeel,operational,Het systeem is sinds gisteren operationeel,The system has been operational since yesterday
fris,fresh,Het brood is vers en fris,The bread is fresh
trio,trio,Het trio speelde een mooi stuk,The trio played a beautiful piece
Barcelona,Barcelona,Barcelona is een prachtige stad,Barcelona is a beautiful city
rue,street (French),Rue is Frans voor straat,Rue is French for street
Claus,Claus,Claus is een Duitse achternaam,Claus is a German surname
proef,test,De proef was succesvol,The test was successful
medewerking,cooperation,Hartelijk dank voor uw medewerking,Thank you for your cooperation
Hierdoor,Because of this,Hierdoor is het project vertraagd,Because of this the project has been delayed
zorgden,cared for,Zij zorgden voor de kinderen,They cared for the children
grootte,size,De grootte van het huis is tweehonderd vierkante meter,The size of the house is two hundred square meters
befaamde,famous,Het is een befaamde universiteit,It is a famous university
ingrepen,interventions,De ingrepen waren noodzakelijk,The interventions were necessary
uitgesteld,postponed,De vergadering is uitgesteld,The meeting has been postponed
verhandeld,traded,De aandelen worden verhandeld op de beurs,The shares are traded on the stock exchange
their,their (English),Their is een Engels bezittelijk voornaamwoord,Their is an English possessive pronoun
Groot,Great,Groot-Brittannie is een eiland,Great Britain is an island
plicht,duty,Het is mijn plicht om te helpen,It is my duty to help
academische,academic,Zij heeft een academische achtergrond,She has an academic background
chauffeurs,drivers,De chauffeurs wachten op de passagiers,The drivers are waiting for the passengers
training,training,De training begint om negen uur,The training starts at nine o'clock
zwaarder,heavier,Deze koffer is zwaarder dan die,This suitcase is heavier than that one
charme,charm,Zij heeft veel charme,She has a lot of charm
Turnhout,Turnhout,Turnhout ligt in de provincie Antwerpen,Turnhout is located in the province of Antwerp
Alcatel,Alcatel,Alcatel was een Frans telecombedrijf,Alcatel was a French telecom company
Delcroix,Delcroix,Delcroix is een Belgische achternaam,Delcroix is a Belgian surname
NS,NS,De NS is de Nederlandse spoorwegen,The NS is the Dutch railways
verzorgd,cared for,De patienten worden goed verzorgd,The patients are well cared for
Chili,Chili,Chili is een langgerekt land in Zuid-Amerika,Chili is a long country in South America
Plan,Plan,Het plan is goedgekeurd door de raad,The plan has been approved by the council
verzameld,gathered,De gegevens zijn verzameld,The data has been gathered
terugkeren,return,Zij zullen morgen terugkeren,They will return tomorrow
drukte,busyness,De drukte in de stad is groot,The busyness in the city is great
orders,orders,De orders zijn binnen,The orders have come in
provinciale,provincial,De provinciale overheid heeft besloten,The provincial government has decided
republieken,republics,De republieken werkten samen,The republics worked together
virtuele,virtual,Virtuele realiteit wordt steeds populairder,Virtual reality is becoming more popular
lastig,difficult,Het is een lastig probleem,It is a difficult problem
bankiers,bankers,De bankiers vergaderden over de rente,The bankers met about the interest rate
pleiten,plead,Zij pleiten voor meer geld,They plead for more money
psychologische,psychological,Psychologische hulp is belangrijk,Psychological help is important
netto,net,Het netto salaris is duizend euro,The net salary is one thousand euros
expositie,exhibition,De expositie loopt nog tot zondag,The exhibition runs until Sunday
zeventien,seventeen,Zeventien is een oneven getal,Seventeen is an odd number
paleis,palace,Het paleis is open voor publiek,The palace is open to the public
beurskoers,stock price,De beurskoers is gestegen,The stock price has risen
Standard,Standard,Standard is een Belgische voetbalclub,Standard is a Belgian football club
Cie,Co,Cie is een afkorting voor compagnie,Co is an abbreviation for company
opgevangen,caught,De bal werd opgevangen door de keeper,The ball was caught by the goalkeeper
KLM,KLM,KLM is de Nederlandse luchtvaartmaatschappij,KLM is the Dutch airline
Trouwens,By the way,Trouwens, ik heb je boek nog,By the way, I still have your book
nadrukkelijk,explicitly,Hij wees nadrukkelijk op het gevaar,He explicitly pointed out the danger
dusver,so far,Voor zover ik weet is het goed,As far as I know it is good
nadelen,disadvantages,Er zijn nadelen aan dit plan,There are disadvantages to this plan
boze,angry,De boze klant diende een klacht in,The angry customer filed a complaint
route,route,De route naar het station is duidelijk,The route to the station is clear
operationele,operational,De operationele kosten zijn laag,The operational costs are low
recepten,recipes,Zij verzamelt oude recepten,She collects old recipes
Bossche,Bossche,Bossche bol is een lekker gebakje,Bossche bol is a delicious pastry
Ofwel,Or,Ofwel je gaat mee, ofwel je blijft thuis,Either you come along, or you stay home
Gates,Gates,Bill Gates is de oprichter van Microsoft,Bill Gates is the founder of Microsoft
Haagse,of The Hague,De Haagse politiek is complex,The politics of The Hague is complex
Big,Big,Big is een Engels woord,Big is an English word
Allemaal,All,Allemaal bedankt voor jullie komst,Thank you all for coming
vice-premier,deputy prime minister,De vice-premier nam deel aan het debat,The deputy prime minister participated in the debate
woestijn,desert,De woestijn is droog en heet,The desert is dry and hot
Ann,Ann,Ann is een meisjesnaam,Ann is a girl's name
KBC,KBC,KBC is een Belgische bank,KBC is a Belgian bank
opgeroepen,called up,Hij is opgeroepen voor het leger,He was called up for the army
officier,officer,De officier gaf de soldaten bevelen,The officer gave commands to the soldiers
jasje,jacket,Zijn jasje hangt aan de kapstok,His jacket hangs on the coat rack
etiket,label,Het etiket geeft de ingrediënten,The label shows the ingredients
besprekingen,discussions,De besprekingen duren nog voort,The discussions are still ongoing
uitstel,delay,Er is uitstel gevraagd voor het project,A delay has been requested for the project
Sedert,Since,Sedert vorige week is hij ziek,Since last week he is ill
OP,OP,OP is een afkorting,OP is an abbreviation
VEV,VEV,VEV was een Vlaamse werkgeversorganisatie,VEV was a Flemish employers organization
platteland,countryside,Het platteland is rustig,The countryside is quiet
meubilair,furniture,Het meubilair wordt volgende week geleverd,The furniture will be delivered next week
dekken,cover,De inkomsten dekken de kosten,The revenues cover the costs
individueel,individual,Elk lid krijgt individuele begeleiding,Each member receives individual guidance
Cultuur,Culture,Cultuur is belangrijk voor de samenleving,Culture is important for society
lanceert,launches,Het bedrijf lanceert een nieuw product,The company launches a new product
opeenvolgende,successive,Het was de derde opeenvolgende overwinning,It was the third successive victory
Komt,Comes,Komt hij vanavond eten,Is he coming for dinner tonight
Velde,Velde,Velde is een veelvoorkomende achternaam,Velde is a common surname
spiegel,mirror,De spiegel hangt aan de muur,The mirror hangs on the wall
geruime,considerable,Het duurde geruime tijd,It took a considerable time
uitermate,extremely,Het was uitermate interessant,It was extremely interesting
DDR,GDR,De DDR was de Duitse Democratische Republiek,The GDR was the German Democratic Republic
pot,pot,De pot staat op het vuur,The pot is on the fire
stuur,steering wheel,Het stuur van de auto is links,The steering wheel of the car is on the left
raam,window,Het raam staat open,The window is open
antwoordt,answers,Hij antwoordt altijd beleefd,He always answers politely
Gimv,Gimv,Gimv is een Belgische investeringsmaatschappij,Gimv is a Belgian investment company
linkse,left-wing,De linkse partijen wonnen zetels,The left-wing parties gained seats
merkwaardig,curious,Het is een merkwaardig verhaal,It is a curious story
Ooit,Ever,Ooit was dit een groot rijk,Once this was a great empire
opmars,advance,De opmars van de technologie is snel,The advance of technology is fast
overeenstemming,agreement,Zij bereikten overeenstemming over de prijs,They reached agreement on the price
Star,Star,Star is een Engels woord,Star is an English word
renteverschil,interest rate difference,Het renteverschil is groot,The interest rate difference is large
gestort,deposited,Het geld is op de rekening gestort,The money has been deposited into the account
verspreiden,spread,Zij verspreiden de informatie via e-mail,They spread the information via email
ge,given (abbreviation),Ge is een afkorting voor gezien,Ge is an abbreviation for seen
plafond,ceiling,Het plafond is wit geverfd,The ceiling is painted white
oplevert,yields,Dit project levert veel winst op,This project yields a lot of profit
zogenaamd,so-called,De zogenaamde expert wist niets,The so-called expert knew nothing
afkomst,origin,Zijn afkomst is Nederlands,His origin is Dutch
statistieken,statistics,De statistieken tonen een stijging,The statistics show an increase
Gaat,Goes,Gaat het goed met je,Are you doing well
zakelijke,business,Zakelijke relaties zijn belangrijk,Business relationships are important
zinnen,sentences,De zinnen in het boek zijn kort,The sentences in the book are short
Sport,Sport,Sport is goed voor de gezondheid,Sport is good for health
Kruis,Cross,Het Rode Kruis helpt mensen in nood,The Red Cross helps people in need
gedicht,poem,Zij schreef een mooi gedicht,She wrote a beautiful poem
dynamische,dynamic,Het is een dynamische organisatie,It is a dynamic organization
Vande,Vande,Vande is een begin van veel Vlaamse achternamen,Vande is the start of many Flemish surnames
werkende,working,Werkende ouders hebben het druk,Working parents are busy
biologische,biological,Biologische groenten zijn gezond,Biological vegetables are healthy
uitmaakt,matters,Het maakt niet uit wat je kiest,It does not matter what you choose
Enkel,Only,Enkel de beste wijn wordt geserveerd,Only the best wine is served
jacht,hunt,De jacht op herten is in dit gebied verboden,The hunt for deer is forbidden in this area
tegenstander,opponent,Zijn tegenstander was sterker,His opponent was stronger
kunstwerk,work of art,Het kunstwerk hangt in het museum,The work of art hangs in the museum
voorhand,available,Er is geen geld voorhand,There is no money available
Technology,Technology,Technology verandert de wereld,Technology changes the world
liberalisering,liberalization,De liberalisering van de markt is doorgevoerd,The liberalization of the market has been implemented
sterkte,strength,Ik wens je sterkte met je examen,I wish you strength with your exam
honden,dogs,De honden blaffen luid,The dogs bark loudly
lading,load,De lading van het schip is zwaar,The load of the ship is heavy
duiken,dive,Zij duiken in het zwembad,They dive into the swimming pool
Bond,Bond,James Bond is een beroemde spion,James Bond is a famous spy
elkaars,each other's,Zij kennen elkaars familie,They know each other's family
verdachten,suspects,De verdachten worden verhoord,The suspects are being interrogated
Christus,Christ,Christus is de centrale figuur in het christendom,Christ is the central figure in Christianity
strakke,tight,Zij droeg een strakke jurk,She wore a tight dress
probeerden,tried,Zij probeerden het probleem op te lossen,They tried to solve the problem
bankier,banker,De bankier adviseerde over investeringen,The banker advised on investments
nabije,nearby,Het nabije dorp heeft een winkel,The nearby village has a shop
verkopers,sellers,De verkopers hebben goede resultaten,The sellers have good results
Association,Association,The Association heeft nieuwe leden,The Association has new members
getuige,witness,De getuige vertelde wat hij zag,The witness told what he saw
unie,union,De Europese Unie heeft nieuwe wetten,The European Union has new laws
mengeling,mixture,Het is een mengeling van culturen,It is a mixture of cultures
nachten,nights,De nachten zijn koud in de winter,The nights are cold in the winter
geraakte,got,Hij geraakte in de problemen,He got into trouble
dieptepunt,low point,De economie bereikte een dieptepunt,The economy reached a low point
berg,mountain,De berg is hoog en steil,The mountain is high and steep
SAP,SAP,SAP is een Duits softwarebedrijf,SAP is a German software company
hierin,herein,Hierin vindt u de benodigde informatie,Herein you will find the necessary information
oproepen,call up,Zij oproepen de leden voor de vergadering,They call up the members for the meeting
uitdrukking,expression,Dit is een veelgebruikte uitdrukking,This is a commonly used expression
HP,HP,HP maakt computers en printers,HP makes computers and printers
Staat,State,De Staat der Nederlanden is oud,The State of the Netherlands is old
Verschillende,Various,Verschillende mensen hebben geklaagd,Various people have complained
gering,slight,De kans op regen is gering,The chance of rain is slight
omgezet,converted,Het bedrag is omgezet in euro's,The amount has been converted into euros
communisten,communists,De communisten verloren de verkiezingen,The communists lost the elections
drukt,presses,Hij drukt op de knop,He presses the button
woonde,lived,Zij woonde vroeger in Amsterdam,She used to live in Amsterdam
mix,mix,De mix van ingrediënten is geheim,The mix of ingredients is secret
bundel,bundle,De bundel documenten lag op het bureau,The bundle of documents lay on the desk
gerechtelijk,judicial,Het gerechtelijk onderzoek is gestart,The judicial investigation has started
Dewaay,Dewaay,Dewaay was een Belgische bank,Dewaay was a Belgian bank
langdurig,long-term,Het langdurig gebruik van medicijnen is riskant,Long-term use of medication is risky
verbaasd,surprised,Ik was verbaasd over het nieuws,I was surprised by the news
nogmaals,once more,Nogmaals bedankt voor uw hulp,Once more thanks for your help
schilderen,paint,Zij houdt van schilderen,She loves to paint
geestelijke,spiritual,De geestelijke leider sprak tot de menigte,The spiritual leader spoke to the crowd
dichtbij,nearby,Het station is dichtbij,The station is nearby
uitslag,result,De uitslag van de test was positief,The result of the test was positive
behoorlijke,decent,Hij heeft een behoorlijke salaris,He has a decent salary
doorgevoerd,implemented,De veranderingen zijn doorgevoerd,The changes have been implemented
uiteindelijke,ultimate,Het uiteindelijke doel is vrede,The ultimate goal is peace
restauratie,restoration,De restauratie van het schilderij duurde lang,The restoration of the painting took long
wielen,wheels,De wielen van de auto zijn nieuw,The wheels of the car are new
stemt,votes,Zij stemt voor de nieuwe wet,She votes for the new law
Mocht,If,Mocht je hulp nodig hebben, bel me,If you need help, call me
ingaan,enter,Wij gaan in op uw voorstel,We will respond to your proposal
hersteld,recovered,Hij is hersteld van zijn ziekte,He has recovered from his illness
Design,Design,Design is belangrijk voor dit product,Design is important for this product
ne,not (French),Ne is Frans voor niet,Ne is French for not
vredesproces,peace process,Het vredesproces verloopt moeizaam,The peace process is difficult
promoten,promote,Zij promoten hun nieuwe album,They promote their new album
richtlijnen,guidelines,De richtlijnen zijn duidelijk,The guidelines are clear
koninklijke,royal,De koninklijke familie woont in het paleis,The royal family lives in the palace
speelden,played,Zij speelden een belangrijke rol,They played an important role
Romeinse,Roman,Het Romeinse Rijk was groot,The Roman Empire was large
Pol,Pol,Pol is een verkorte vorm van Paul,Pol is a shortened form of Paul
verkiezen,prefer,Ik verkiezen koffie boven thee,I prefer coffee to tea
toelaten,allow,Zij toelaten geen uitzonderingen,They allow no exceptions
Filip,Filip,Filip is een veelvoorkomende naam in Belgie,Filip is a common name in Belgium
Nasdaq,Nasdaq,De Nasdaq is een Amerikaanse beurs,The Nasdaq is an American stock exchange
Douglas,Douglas,Douglas is een Schotse naam,Douglas is a Scottish name
degenen,those who,Degenen die te laat komen worden niet toegelaten,Those who arrive late will not be admitted
gekeken,looked,Hij heeft naar de film gekeken,He has looked at the movie
fusies,mergers,Fusies tussen bedrijven komen vaak voor,Mergers between companies occur frequently
achttiende,eighteenth,De achttiende eeuw was de Verlichting,The eighteenth century was the Enlightenment
look,look (English),Look is een Engels woord,Look is an English word
onverwachte,unexpected,Het onverwachte bezoek verraste ons,The unexpected visit surprised us
kenden,knew,Zij kenden elkaar al jaren,They knew each other for years
hausse,boom,Er was een hausse op de beurs,There was a boom on the stock market
rendabel,profitable,Het bedrijf is weer rendabel,The company is profitable again
Alexander,Alexander,Alexander de Grote veroverde veel landen,Alexander the Great conquered many countries
Daniel,Daniel,Daniel is een bijbelse naam,Daniel is a biblical name
trad,entered,Hij trad in dienst van het bedrijf,He entered the service of the company
bewonderen,admire,Ik bewonder haar moed,I admire her courage
sur,on (French),Sur is Frans voor op,Sur is French for on
Volkswagen,Volkswagen,Volkswagen maakt auto's in Duitsland,Volkswagen makes cars in Germany
Bach,Bach,Bach was een Duitse componist,Bach was a German composer
eet,eats,Zij eet graag vis,She likes to eat fish
prettig,pleasant,Het was een prettig gesprek,It was a pleasant conversation
stop,stop,Stop met roken,Stop smoking
tamelijk,rather,Het is tamelijk koud vandaag,It is rather cold today
zender,channel,De zender zendt nieuws uit,The channel broadcasts news
carnaval,carnival,Carnaval wordt gevierd in februari,Carnival is celebrated in February
herhalen,repeat,Kunt u dat herhalen,Can you repeat that
Rudy,Rudy,Rudy is een Duitse voornaam,Rudy is a German first name
It,It,It is een Engels woord,It is an English word
director,director,The director of the company resigned,The director of the company resigned
NV,NV,NV staat voor Naamloze Vennootschap,NV stands for public limited company
overdracht,transfer,De overdracht van eigendom is geregeld,The transfer of ownership is arranged
vrijgelaten,released,De gevangene is vrijgelaten,The prisoner has been released
tijdig,timely,Zij arriveerde tijdig op het station,She arrived at the station on time
Telecom,Telecom,Telecom is een sector in de economie,Telecom is a sector in the economy
realistisch,realistic,Je moet realistisch zijn,You must be realistic
islamitische,Islamic,De islamitische cultuur heeft rijke tradities,Islamic culture has rich traditions
middeleeuwse,medieval,Het is een middeleeuwse kerk,It is a medieval church
beheert,manages,Hij beheert het familiefonds,He manages the family fund
West-Vlaanderen,West Flanders,West-Vlaanderen is een provincie in Belgie,West Flanders is a province in Belgium
akkoorden,agreements,De akkoorden werden getekend,The agreements were signed
geconsolideerde,consolidated,De geconsolideerde cijfers zijn positief,The consolidated figures are positive
gelopen,walked,Hij heeft de hele weg gelopen,He walked the entire way
genoemde,mentioned,De genoemde persoon is niet aanwezig,The mentioned person is not present
genoegen,pleasure,Het was een genoegen u te ontmoeten,It was a pleasure to meet you
schept,creates,Zij schept orde in de chaos,She creates order in the chaos
geacht,esteemed,Geacht publiek, welkom,Esteemed audience, welcome
mobiele,mobile,Mobiele telefoons zijn overal,Mobile phones are everywhere
gemeen,mean,Hij was gemeen tegen zijn broer,He was mean to his brother
terras,terrace,Het terras is gezellig in de zomer,The terrace is cozy in the summer
Shanghai,Shanghai,Shanghai is een grote stad in China,Shanghai is a large city in China
uitbouwen,develop,Zij willen hun netwerk uitbouwen,They want to develop their network
telde,counted,Hij telde het geld,He counted the money
jaarverslag,annual report,Het jaarverslag wordt gepubliceerd,The annual report is published
federaal,federal,De federale regering neemt het besluit,The federal government makes the decision
verbazen,amaze,Het zal je verbazen hoe makkelijk het is,It will amaze you how easy it is
drijft,floats,De boot drijft op het water,The boat floats on the water
poten,legs,De tafel heeft vier poten,The table has four legs
Food,Food,Food is een Engels woord,Food is an English word
diplomatieke,diplomatic,De diplomatieke betrekkingen zijn hersteld,Diplomatic relations have been restored
uitgeven,spend,Zij geven veel geld uit aan kleding,They spend a lot of money on clothes
gespannen,tense,De sfeer was gespannen,The atmosphere was tense
stemrecht,voting right,Iedere burger heeft stemrecht,Every citizen has the right to vote
Jef,Jef,Jef is een Vlaamse voornaam,Jef is a Flemish first name
One,One,One is een Engels woord,One is an English word
bekendheid,fame,Zijn bekendheid groeit snel,His fame grows quickly
merendeel,majority,Het merendeel van de mensen is tevreden,The majority of people are satisfied
ruwe,rough,De ruwe diamant moet worden geslepen,The rough diamond must be cut
opvang,care,De opvang voor kinderen is goed geregeld,Childcare is well organized
adviseur,advisor,De adviseur gaf goed advies,The advisor gave good advice
lippen,lips,Haar lippen waren rood gestift,Her lips were red with lipstick
kok,chef,De kok bereidt een heerlijke maaltijd,The chef prepares a delicious meal
overwegend,predominantly,Het publiek was overwegend jong,The audience was predominantly young
Don,Don,Don is een Spaanse eretitel,Don is a Spanish title of respect
fantastisch,fantastic,Het was een fantastische ervaring,It was a fantastic experience
noem,call,Noem mij maar Peter,Just call me Peter
verbieden,forbid,Zij verbieden roken in het gebouw,They forbid smoking in the building
Verbond,Covenant,Het Verbond der Verzekeraars is actief,The Insurers Covenant is active
uitkeringen,benefits,De uitkeringen worden verhoogd,The benefits are being increased
lukken,succeed,Het zal wel lukken,It will probably succeed
holdings,holdings,De holdings hebben belangen in vele bedrijven,The holdings have interests in many companies
plekken,places,Er zijn mooie plekken om te wandelen,There are beautiful places to walk
liefhebbers,enthusiasts,Liefhebbers van klassieke muziek komen aan hun trekken,Classical music enthusiasts will get their fill
prognoses,forecasts,De prognoses voor de economie zijn gunstig,The forecasts for the economy are favorable
mengen,mix,Je moet de ingrediënten goed mengen,You must mix the ingredients well
war,was (German),War is Duits voor was,War is German for was
zitting,session,De zitting van de rechtbank begint om tien uur,The court session starts at ten o'clock
roer,rudder,Het roer van het schip is gebroken,The rudder of the ship is broken
consensus,consensus,Er is consensus over het plan,There is consensus on the plan
aannemen,assume,Ik neem aan dat je gelijk hebt,I assume that you are right
evenzeer,equally,Hij is evenzeer verantwoordelijk,He is equally responsible
gaande,going on,Wat is er gaande,What is going on
controleert,checks,De politie controleert de snelheid,The police checks the speed
erkent,recognizes,De overheid erkent het probleem,The government recognizes the problem
democratisch,democratic,Het democratisch proces is belangrijk,The democratic process is important
fans,fans,De fans juichten luid,The fans cheered loudly
afgewerkt,finished,Het werk is netjes afgewerkt,The work is neatly finished
inzetten,deploy,Zij zetten alle middelen in,They deploy all resources
belastingplichtige,taxpayer,De belastingplichtige moet aangifte doen,The taxpayer must file a return
voorleggen,submit,Ik zal het voorstel aan de raad voorleggen,I will submit the proposal to the council
ordening,organization,De ordening van de documenten duurt lang,The organization of the documents takes long
publiciteit,publicity,De publiciteit rond de zaak is groot,The publicity around the case is great
pleidooi,plea,Zijn pleidooi was overtuigend,His plea was convincing
populariteit,popularity,Zijn populariteit is toegenomen,His popularity has increased
wantrouwen,distrust,Er heerst wantrouwen tussen de partijen,There is distrust among the parties
gepresenteerd,presented,Het rapport is gepresenteerd aan het bestuur,The report has been presented to the board
El,El (Spanish),El is Spaans voor de,El is Spanish for the
wekken,arouse,Het nieuws wekte veel belangstelling,The news aroused a lot of interest
klus,job,Het was een moeilijke klus,It was a difficult job
Portugese,Portuguese,De Portugese wijn is goed,The Portuguese wine is good
allereerste,very first,Dit is de allereerste keer dat ik hier ben,This is the very first time I am here
Zuid-Amerika,South America,Zuid-Amerika heeft een rijke natuur,South America has rich nature
discount,discount,De discount op de producten is tijdelijk,The discount on products is temporary
people,people (English),People is een Engels woord,People is an English word
Thierry,Thierry,Thierry is een Franse voornaam,Thierry is a French first name
affiches,posters,De affiches hangen door de hele stad,The posters hang throughout the city
filialen,branches,De bank heeft filialen in het hele land,The bank has branches throughout the country
Mannen,Men,Mannen en vrouwen zijn gelijkwaardig,Men and women are equal
vertrouwde,trusted,Hij is een vertrouwde vriend,He is a trusted friend
slogan,slogan,De slogan van het bedrijf is bekend,The company slogan is well known
Zodat,So that,Zodat niemand achterblijft,So that no one is left behind
herkomst,origin,De herkomst van het product is onbekend,The origin of the product is unknown
luik,panel,Het luik van het raam is gesloten,The window panel is closed
wisselen,exchange,Zij wisselen geld op het station,They exchange money at the station
uitzonderingen,exceptions,Er zijn geen uitzonderingen mogelijk,There are no exceptions possible
renovatie,renovation,De renovatie van het gebouw duurt maanden,The renovation of the building takes months
bad,bath,Het bad is gevuld met warm water,The bath is filled with warm water
bekendste,best-known,Dit is de bekendste kathedraal van het land,This is the best-known cathedral of the country
verzekeringen,insurances,Verzekeringen zijn verplicht,Insurances are mandatory
benzine,gasoline,De prijs van benzine is gestegen,The price of gasoline has risen
middellange,medium-term,De middellange vooruitzichten zijn goed,The medium-term prospects are good
ophalen,pick up,Ik moet de kinderen ophalen,I must pick up the children
Ostaijen,Ostaijen,Ostaijen is een Vlaamse dichter,Ostaijen is a Flemish poet
multinationals,multinationals,Multinationals hebben veel invloed,Multinationals have a lot of influence
Groningse,of Groningen,De Groningse universiteit is oud,The University of Groningen is old
indertijd,at the time,Indertijd was alles anders,At the time everything was different
bereik,range,Het bereik van het signaal is groot,The range of the signal is large
front,front,Het front van de storm nadert,The front of the storm is approaching
meedoen,participate,Wil je meedoen met het spel,Do you want to participate in the game
adviezen,advice,De adviezen van de deskundigen zijn duidelijk,The advice from the experts is clear
beweegt,moves,De aarde beweegt rond de zon,The earth moves around the sun
berekening,calculation,De berekening klopt niet,The calculation is not correct
crash,crash,De crash van de beurs was onverwacht,The stock market crash was unexpected
Klerk,Klerk,Klerk is een achternaam van Nederlandse oorsprong,Klerk is a surname of Dutch origin
Jazz,Jazz,Jazz muziek ontstond in Amerika,Jazz music originated in America
rijtje,row,Zet de stoelen in een rijtje,Put the chairs in a row
vliegt,flies,Het vliegtuig vliegt naar Spanje,The airplane flies to Spain
hete,hot,De hete soep brandde mijn tong,The hot soup burned my tongue
verwerking,processing,De verwerking van de data is klaar,The processing of the data is done
gespreid,spread,De kosten worden gespreid over het jaar,The costs are spread over the year
Marokko,Morocco,Marokko is een land in Noord-Afrika,Morocco is a country in North Africa
Chirac,Chirac,Chirac was president van Frankrijk,Chirac was president of France
Nooit,Never,Nooit zal ik dat vergeten,Never will I forget that
bloem,flower,De bloem staat in een vaas,The flower is in a vase
zaakvoerder,manager,De zaakvoerder leidt het bedrijf,The manager runs the company
overdag,during the day,Overdag is het warm,During the day it is warm
gezichten,faces,De gezichten van de kinderen straalden,The faces of the children shone
buik,stomach,Mijn buik doet pijn,My stomach hurts
opgeslagen,stored,De gegevens zijn opgeslagen in de computer,The data is stored in the computer
bezighouden,keep busy,Wat houdt jou bezig,What keeps you busy
actrice,actress,De actrice speelde de hoofdrol,The actress played the lead role
vocht,fought,Zij vocht voor haar rechten,She fought for her rights
Koerdische,Kurdish,De Koerdische bevolking zoekt erkenning,The Kurdish population seeks recognition
vooraan,at the front,Hij stond vooraan in de rij,He stood at the front of the line
Airlines,Airlines,Airlines is een Engels woord,Airlines is an English word
Kelchtermans,Kelchtermans,Kelchtermans is een Belgische politicus,Kelchtermans is a Belgian politician
Croo,Croo,Croo is een Belgische achternaam,Croo is a Belgian surname
contrast,contrast,Het contrast tussen licht en donker is groot,The contrast between light and dark is great
Daarvan,Thereof,Daarvan heb ik geen verstand,I have no knowledge of that
commissaris,commissioner,De commissaris van politie gaf uitleg,The police commissioner gave an explanation
Fransman,Frenchman,De Fransman bestelde een croissant,The Frenchman ordered a croissant
im,in (German),Im is Duits voor in,Im is German for in
Distrigas,Distrigas,Distrigas was een Belgisch gasbedrijf,Distrigas was a Belgian gas company
volumes,volumes,De volumes van de verkoop stijgen,The sales volumes are rising
harder,harder,Je moet harder werken,You must work harder
oogst,harvest,De oogst dit jaar is goed,The harvest this year is good
beheerst,controlled,Hij beheerst zijn emoties goed,He controls his emotions well
opvolging,succession,De opvolging van de directeur is geregeld,The succession of the director is arranged
Ach,Oh,Ach, wat jammer,Oh, what a pity
variant,variant,Dit is een variant op het origineel,This is a variant of the original
steek,stitch,Zij maakte een kleine steek in de stof,She made a small stitch in the fabric
vatten,grasp,Ik vat niet wat hij bedoelt,I do not grasp what he means
rechters,judges,De rechters doen hun uitspraak,The judges make their ruling
songs,songs,De songs van de band zijn populair,The songs of the band are popular
faam,fame,Zijn faam verspreidde zich snel,His fame spread quickly
Maurice,Maurice,Maurice is een Franse naam,Maurice is a French name
strak,tight,De lijn is strak gespannen,The line is pulled tight
erkennen,acknowledge,Zij erkennen hun fout,They acknowledge their mistake
adverteerders,advertisers,De adverteerders kopen ruimte in de krant,The advertisers buy space in the newspaper
verdriet,sorrow,Het verdriet was groot na het verlies,The sorrow was great after the loss
schiet,shoots,Hij schiet op het doel,He shoots at the goal
trouwe,faithful,Zij is een trouwe vriendin,She is a faithful friend
etnische,ethnic,Etnische minderheden worden beschermd,Ethnic minorities are protected
Music,Music,Music is een Engels woord,Music is an English word
link,link,Klik op de link voor meer informatie,Click the link for more information
United,United,United is een Engels woord,United is an English word
Paleis,Palace,Het Paleis op de Dam is een bekende plek,The Palace on the Dam is a well-known place
pakte,grabbed,Hij pakte zijn jas en vertrok,He grabbed his coat and left
betrekken,involve,Zij betrekken iedereen bij het gesprek,They involve everyone in the conversation
album,album,Het nieuwe album is uitgebracht,The new album has been released
stalen,stole,Zij stalen de juwelen uit de kluis,They stole the jewelry from the safe
koeien,cows,De koeien staan in de wei,The cows are in the meadow
kilometers,kilometers,De afstand is honderd kilometers,The distance is a hundred kilometers
componenten,components,De componenten worden apart verkocht,The components are sold separately
twintigste,twentieth,De twintigste eeuw was een tijd van vooruitgang,The twentieth century was a time of progress
gelukt,succeeded,Het is gelukt om de deadline te halen,We succeeded in meeting the deadline
uitzending,broadcast,De uitzending begint om acht uur,The broadcast starts at eight o'clock
écht,real,Dat is écht waar,That is really true
Israelische,Israeli,De Israelische ambassade is in Brussel,The Israeli embassy is in Brussels
dirigent,conductor,De dirigent leidde het orkest,The conductor led the orchestra
Picasso,Picasso,Picasso was een Spaanse schilder,Picasso was a Spanish painter
José,Jose,José is een Spaanse naam,Jose is a Spanish name
locatie,location,De locatie van het feest is bekend,The location of the party is known
betaal,pay,Betaal aan de kassa,Pay at the counter
deSingel,deSingel,deSingel is een kunstencentrum in Antwerpen,deSingel is an arts center in Antwerp
gemaakte,made,De gemaakte afspraken zijn belangrijk,The agreements made are important
zalen,halls,De zalen zijn gereserveerd voor het evenement,The halls are reserved for the event
Professor,Professor,De professor geeft een lezing,The professor gives a lecture
reserves,reserves,De reserves van de bank zijn voldoende,The reserves of the bank are sufficient
documentaire,documentary,De documentaire gaat over het milieu,The documentary is about the environment
constructeurs,constructors,De constructeurs bouwen de brug,The constructors build the bridge
verzetten,move,Kun je de tafel verzetten,Can you move the table
Danny,Danny,Danny is een Engelse voornaam,Danny is an English first name
speelgoed,toys,Het speelgoed ligt op de vloer,The toys are on the floor
nek,neck,Hij heeft pijn in zijn nek,He has pain in his neck
levensverzekering,life insurance,De levensverzekering wordt uitgekeerd,The life insurance is paid out
opmerking,remark,Hij maakte een grappige opmerking,He made a funny remark
kanaal,channel,Het kanaal verbindt de twee rivieren,The channel connects the two rivers
stort,pours,De regen stort naar beneden,The rain pours down
camera's,cameras,De camera's registreren alles,The cameras record everything
vandaar,hence,Vandaar dat hij niet kwam,Hence he did not come
besluitvorming,decision-making,De besluitvorming duurt te lang,The decision-making takes too long
belanden,end up,Zij belanden in een moeilijke situatie,They end up in a difficult situation
lanceren,launch,Zij lanceren een nieuw product,They launch a new product
Opera,Opera,Opera is een vorm van muziektheater,Opera is a form of musical theater
vriendschap,friendship,Een goede vriendschap is waardevol,A good friendship is valuable
which,which (English),Which is een Engels vragend voornaamwoord,Which is an English interrogative pronoun
keerde,returned,Hij keerde terug naar huis,He returned home
successierechten,inheritance tax,De successierechten zijn hoog,The inheritance tax is high
gemak,ease,Hij deed het met gemak,He did it with ease
breder,broader,Het aanbod is breder geworden,The offering has become broader
vermeldt,mentions,Het rapport vermeldt de feiten,The report mentions the facts
ring,ring,Zij draagt een gouden ring,She wears a gold ring
streeft,strives,Hij streeft naar perfectie,He strives for perfection
stille,quiet,De stille straat is rustig,The quiet street is peaceful
schijn,appearance,De schijn bedriegt,Appearances are deceptive
inspelen,respond,Zij spelen in op de vraag,They respond to the demand
Jozef,Jozef,Jozef is een bijbelse naam,Jozef is a biblical name
leraar,teacher,De leraar legt de les uit,The teacher explains the lesson
instanties,agencies,De instanties werken samen,The agencies work together
verrichten,perform,Zij verrichten belangrijk werk,They perform important work
gemeenschappelijk,common,Zij hebben een gemeenschappelijk doel,They have a common goal
namens,on behalf of,Namens het bestuur dank ik u,On behalf of the board I thank you
interviews,interviews,De interviews waren zeer interessant,The interviews were very interesting
vertrok,left,Hij vertrok naar het buitenland,He left for abroad
Namen,Names,Namen zijn belangrijk in een document,Names are important in a document
Studio,Studio,De studio is groot en licht,The studio is large and bright
vertalen,translate,Zij vertalen de tekst naar Engels,They translate the text into English
types,types,Er zijn verschillende types,There are different types
visuele,visual,Visuele hulpmiddelen zijn nuttig,Visual aids are useful
nauwkeurig,precise,De meting moet nauwkeurig zijn,The measurement must be precise
Informatie,Information,Informatie is te vinden op de website,Information can be found on the website
ontving,received,Zij ontving een prijs voor haar werk,She received a prize for her work
Il,he (Italian),Il is Italiaans voor hij,Il is Italian for he
gevecht,fight,Het gevecht duurde uren,The fight lasted hours
werelds,worldly,Hij heeft een werelds perspectief,He has a worldly perspective
Atlanta,Atlanta,Atlanta is een stad in de Verenigde Staten,Atlanta is a city in the United States
House,House,House is een Engels woord,House is an English word
Compagnie,Company,De Compagnie werd opgericht in 1820,The Company was founded in 1820
Wilfried,Wilfried,Wilfried is een Duitse voornaam,Wilfried is a German first name
comfortabel,comfortable,Het bed is comfortabel,The bed is comfortable
farmaceutische,pharmaceutical,De farmaceutische industrie groeit,The pharmaceutical industry is growing
Wereld,World,De hele wereld kijkt toe,The whole world watches
Opmerkelijk,Remarkable,Opmerkelijk genoeg was niemand thuis,Remarkably nobody was home
illegaal,illegal,Illegaal parkeren wordt beboet,Illegal parking is fined
datzelfde,that same,Datzelfde jaar vertrok hij,That same year he left
letters,letters,De letters van het alfabet zijn zesentwintig,The letters of the alphabet are twenty-six
saldo,balance,Het saldo van de rekening is positief,The balance of the account is positive
strikte,strict,De strikte regels zijn duidelijk,The strict rules are clear
standpunten,positions,De standpunten zijn uiteenlopend,The positions are diverse
Goossens,Goossens,Goossens is een veelvoorkomende achternaam,Goossens is a common surname
Raymond,Raymond,Raymond is een Franse voornaam,Raymond is a French first name
Gevaert,Gevaert,Gevaert was een Belgisch fotobedrijf,Gevaert was a Belgian photography company
Stefaan,Stefaan,Stefaan is een Vlaamse voornaam,Stefaan is a Flemish first name
tanden,teeth,Poets je tanden elke dag,Brush your teeth every day
zogenoemde,so-called,De zogenoemde specialist wist niets,The so-called specialist knew nothing
gearresteerd,arrested,De dader is gearresteerd,The perpetrator has been arrested
vereiste,requirement,Het vereiste document is ingediend,The required document has been submitted
abonnees,subscribers,De abonnees ontvangen de nieuwsbrief,The subscribers receive the newsletter
tak,branch,De tak van de boom is gebroken,The branch of the tree is broken
Alan,Alan,Alan is een veelvoorkomende Engelse naam,Alan is a common English name
waait,blows,De wind waait hard,The wind blows hard
advertentie,advertisement,De advertentie staat in de krant,The advertisement is in the newspaper
beroepen,professions,Er zijn veel verschillende beroepen,There are many different professions
piek,peak,De piek van de berg is bedekt met sneeuw,The peak of the mountain is covered with snow
perspectieven,perspectives,De perspectieven voor de toekomst zijn goed,The perspectives for the future are good
villa,villa,De villa heeft een groot zwembad,The villa has a large swimming pool
verkooppunten,points of sale,De verkooppunten zijn door het hele land,The points of sale are throughout the country
dito,ditto,Hij zei dito en knikte,He said ditto and nodded
beruchte,notorious,De beruchte crimineel werd gearresteerd,The notorious criminal was arrested
wetenschappen,sciences,Wetenschappen zijn belangrijk voor de vooruitgang,Sciences are important for progress
tanks,tanks,De tanks reden door de stad,The tanks drove through the city
eilanden,islands,De eilanden in de Stille Oceaan zijn prachtig,The islands in the Pacific Ocean are beautiful
behandelt,treats,De dokter behandelt de patient,The doctor treats the patient
genen,genes,Genen bepalen erfelijke eigenschappen,Genes determine hereditary traits
Werk,Work,Werk is belangrijk voor de mens,Work is important for people
huurder,tenant,De huurder betaalt elke maand huur,The tenant pays rent every month
ontvangst,reception,De ontvangst van de gasten was hartelijk,The reception of the guests was warm
schreven,wrote,Zij schreven een brief aan de minister,They wrote a letter to the minister
ingrijpen,intervene,De politie moet ingrijpen,The police must intervene
intens,intense,De training was intens,The training was intense
kredieten,credits,De kredieten zijn goedgekeurd,The credits have been approved
kaderleden,middle managers,De kaderleden vergaderen morgen,The middle managers meet tomorrow
Muziek,Music,Muziek is een universele taal,Music is a universal language
merknaam,brand name,De merknaam is wereldwijd bekend,The brand name is known worldwide
Saint,Saint,Saint is een Engels woord,Saint is an English word
mes,knife,Het mes is scherp,The knife is sharp
Gevolg,Consequence,Het gevolg van zijn actie was groot,The consequence of his action was great
Franz,Franz,Franz is een Duitse voornaam,Franz is a German first name
afgestemd,tuned,Het systeem is afgestemd op de behoeften,The system is tuned to the needs
zuur,sour,De citroen smaakt zuur,The lemon tastes sour
Vos,fox,De vos liep door het bos,The fox walked through the forest
opgestart,started up,De computer is opgestart,The computer has been started up
aanpassingen,adjustments,De aanpassingen zijn doorgevoerd,The adjustments have been made
Claude,Claude,Claude is een Franse voornaam,Claude is a French first name
achteraan,at the back,Hij zat achteraan in de zaal,He sat at the back of the hall
belet,prevents,Dat belet niet dat we doorgaan,That does not prevent us from continuing
Goldman,Goldman,Goldman Sachs is een Amerikaanse bank,Goldman Sachs is an American bank
uitleggen,explain,Kun je dat uitleggen,Can you explain that
verzorgt,takes care of,Zij verzorgt de administratie,She takes care of the administration
Goede,Good,Goede morgen allemaal,Good morning everyone
koppeling,coupling,De koppeling van de systemen is klaar,The coupling of the systems is done
opleidingen,training courses,De opleidingen zijn van hoge kwaliteit,The training courses are of high quality
Steven,Steven,Steven is een veelvoorkomende Engelse naam,Steven is a common English name
tijde,time,Ten tijde van de oorlog was het moeilijk,At the time of the war it was difficult
volstaan,suffice,Een korte omschrijving volstaan,A short description suffices
Simon,Simon,Simon is een bijbelse naam,Simon is a biblical name
toeleveranciers,suppliers,De toeleveranciers leveren de onderdelen,The suppliers deliver the parts
privé-sector,private sector,De privé-sector groeit sneller,The private sector grows faster
ITL,ITL,ITL was een Belgisch technologiebedrijf,ITL was a Belgian technology company
kapot,broken,De televisie is kapot,The television is broken
research,research,Research is de basis van innovatie,Research is the foundation of innovation
grijs,gray,De lucht is grijs vandaag,The sky is gray today
handicap,disability,Mensen met een handicap hebben ondersteuning nodig,People with a disability need support
besteedt,spends,Hij besteedt veel tijd aan zijn werk,He spends a lot of time on his work
parcours,course,Het parcours van de wedstrijd is zwaar,The course of the race is tough
discipline,discipline,Discipline is belangrijk voor succes,Discipline is important for success
diepte,depth,De diepte van het meer is onbekend,The depth of the lake is unknown
rustige,calm,Het is een rustige buurt,It is a calm neighborhood
haren,hair,Haar haren zijn lang en blond,Her hair is long and blond
Weet,Know,Weet jij waar het station is,Do you know where the station is
Baan,Job,Hij heeft een nieuwe baan gevonden,He has found a new job
journaal,news broadcast,Het journaal begint om acht uur,The news broadcast starts at eight
onwaarschijnlijk,unlikely,Het is onwaarschijnlijk dat het gebeurt,It is unlikely that it will happen
begunstigde,beneficiary,De begunstigde ontvangt de erfenis,The beneficiary receives the inheritance
cinema,cinema,Cinema is een ander woord voor bioscoop,Cinema is another word for movie theater
meerwaarden,capital gains,De meerwaarden op de aandelen zijn hoog,The capital gains on the shares are high
bereidingen,preparations,De bereidingen voor het feest zijn gestart,The preparations for the party have started
muntunie,monetary union,De Europese muntunie is een feit,The European monetary union is a fact
Tegenover,Opposite,Tegenover het station ligt een hotel,Opposite the station there is a hotel
verlaat,leaves,De trein verlaat het station,The train leaves the station
Volgend,Following,Volgend jaar gaan we naar Italie,Next year we go to Italy
new,new (English),New is een Engels woord,New is an English word
voortgezet,continued,Het onderwijs wordt voortgezet,The education is continued
centen,cents,Ik heb geen centen meer,I have no cents left
intelligente,intelligent,Zij is een intelligente studente,She is an intelligent student
onzin,nonsense,Dat is complete onzin,That is complete nonsense
overnachtingen,overnight stays,Het hotel heeft duizend overnachtingen per maand,The hotel has a thousand overnight stays per month
verkochte,sold,Het verkochte product kan niet worden geretourneerd,The sold product cannot be returned
motivatie,motivation,Zijn motivatie is groot,His motivation is great
Finland,Finland,Finland staat bekend om de sauna,Finland is known for the sauna
beheerder,administrator,De beheerder van het systeem is gebeld,The system administrator has been called
vervaardigd,manufactured,Dit product is in Belgie vervaardigd,This product is manufactured in Belgium
verwijten,reproach,Ik verwijten hem niets,I reproach him for nothing
ontspannen,relax,Na het werk wil ik ontspannen,After work I want to relax
emotioneel,emotional,Hij was emotioneel na het nieuws,He was emotional after the news
dollars,dollars,De prijs is in dollars,The price is in dollars
artistiek,artistic,Zij heeft een artistieke achtergrond,She has an artistic background
adressen,addresses,De adressen zijn gecontroleerd,The addresses have been checked
middelbare,secondary,De middelbare school is groot,The secondary school is large
Binnenkort,Soon,Binnenkort krijgen we bezoek,Soon we will have visitors
gepleegd,committed,De misdaad is gepleegd in de nacht,The crime was committed at night
ingenomen,taken,Het medicijn wordt driemaal daags ingenomen,The medicine is taken three times a day
dezer,these,Een dezer dagen komt hij langs,One of these days he will come by
zieke,sick,De zieke patient moet rusten,The sick patient must rest
toepassen,apply,Je moet de regels toepassen,You must apply the rules
zwarten,black people,De zwarten in Zuid-Afrika kregen stemrecht,Black people in South Africa got voting rights
Peugeot,Peugeot,Peugeot is een Frans automerk,Peugeot is a French car brand
Café,Cafe,Het cafe is geopend tot middernacht,The cafe is open until midnight
GIB,GIB,GIB was een Belgisch warenhuis,GIB was a Belgian department store
beursvennootschap,listed company,De beursvennootschap publiceert haar cijfers,The listed company publishes its figures
logistiek,logistics,De logistiek van het evenement is complex,The logistics of the event are complex
Bestuur,Board,Het bestuur heeft besloten tot verkoop,The board has decided to sell
soepel,flexible,De regels zijn soepel toegepast,The rules have been applied flexibly
Maandag,Monday,Maandag begint de werkweek,Monday the workweek starts
omschrijven,describe,Kun je het probleem omschrijven,Can you describe the problem
mijnen,mines,De mijnen in de regio zijn gesloten,The mines in the region are closed
planeet,planet,De aarde is een planeet,The earth is a planet
pianist,pianist,De pianist speelde een mooi stuk,The pianist played a beautiful piece
Audi,Audi,Audi is een Duits automerk,Audi is a German car brand
vervuiling,pollution,De vervuiling van de lucht is een probleem,Air pollution is a problem
Johnson,Johnson,Johnson is een veelvoorkomende Engelse achternaam,Johnson is a common English surname
III,III,III is het getal drie in Romeinse cijfers,III is the number three in Roman numerals
harmonie,harmony,Er heerst harmonie in de groep,There is harmony in the group
Midden,Middle,In het midden van de stad is een plein,In the middle of the city is a square
klom,climbed,Hij klom tegen de berg op,He climbed up the mountain
allesbehalve,anything but,Het was allesbehalve gemakkelijk,It was anything but easy
produkt,product,Het produkt voldoet aan de normen,The product meets the standards
verhinderen,prevent,Niets kan ons verhinderen,Nothing can prevent us
m'n,my,M'n jas hangt aan de kapstok,My coat hangs on the rack
oor,ear,Hij heeft een oorontsteking,He has an ear infection
installeren,install,Zij installeren de software,They install the software
Indische,Indian,De Indische keuken is pittig,Indian cuisine is spicy
aangekondigde,announced,De aangekondigde hervorming is controversieel,The announced reform is controversial
minimale,minimal,De minimale inzet is vereist,The minimal commitment is required
database,database,De database wordt bijgewerkt,The database is being updated
Vincent,Vincent,Vincent van Gogh is een beroemde schilder,Vincent van Gogh is a famous painter
agent,police officer,De agent schreef een bon,The police officer wrote a ticket
garandeert,guarantees,Het bedrijf garandeert kwaliteit,The company guarantees quality
verschuldigd,owed,Het verschuldigde bedrag is betaald,The amount owed has been paid
handelaars,traders,De handelaars op de markt zijn vroeg op,The traders at the market are up early
geslaagde,successful,Het was een geslaagde bijeenkomst,It was a successful gathering
geschoten,shot,Er is geschoten tijdens de overval,Shots were fired during the robbery
plegen,commit,Zij plegen een misdaad,They commit a crime
Rob,Rob,Rob is een korte voornaam,Rob is a short first name
afleggen,take,Ik moet een examen afleggen,I have to take an exam
Normaal,Normally,Normaal gesproken ben ik om zes uur thuis,Normally I am home at six o'clock
doorsnee,average,De doorsnee burger heeft weinig invloed,The average citizen has little influence
bewind,government,Het bewind duurde tien jaar,The government lasted ten years
begaan,commit,Zij begaan een fout,They commit a mistake
recentelijk,recently,Recentelijk is het beleid gewijzigd,Recently the policy has changed
Motors,Motors,Motors is een Engels woord,Motors is an English word
Kort,Short,Kort geleden was ik in Belgie,Recently I was in Belgium
bol,sphere,De bol van de kerstboom is rood,The Christmas ball is red
gemeld,reported,Het incident is gemeld bij de politie,The incident has been reported to the police
gold,applied,De regels gold voor iedereen,The rules applied to everyone
uitgegroeid,grown into,Hij is uitgegroeid tot een expert,He has grown into an expert
aangekomen,arrived,De trein is aangekomen op het station,The train has arrived at the station
seizoenen,seasons,De vier seizoenen zijn lente, zomer, herfst en winter,The four seasons are spring, summer, fall and winter
verdiende,earned,Zij verdiende een bonus,She earned a bonus
desnoods,if necessary,Desnoods blijf ik tot vanavond,If necessary I will stay until tonight
formuleren,formulate,Kun je het antwoord formuleren,Can you formulate the answer
voorts,furthermore,Voorts wil ik opmerken dat,Furthermore I want to note that
beoordelen,evaluate,Wij beoordelen de resultaten,We evaluate the results
schommelt,fluctuates,De temperatuur schommelt sterk,The temperature fluctuates greatly
ondersteund,supported,Het initiatief wordt ondersteund door de overheid,The initiative is supported by the government
Bosch,Bosch,Bosch is een Duits technologiebedrijf,Bosch is a German technology company
Bell,Bell,Alexander Graham Bell vond de telefoon uit,Alexander Graham Bell invented the telephone
Bedoeling,Intention,De bedoeling is om samen te werken,The intention is to work together
onroerende,real estate,Onroerende goederen zijn huizen en land,Real estate properties are houses and land
ernaar,to it,Ik verlang ernaar om te reizen,I long to travel
Wet,Law,De wet is voor iedereen gelijk,The law is equal for everyone
lenen,borrow,Mag ik je pen lenen,May I borrow your pen
gooit,throws,Hij gooit de bal naar de hond,He throws the ball to the dog
daad,deed,Een goede daad is nooit te veel,A good deed is never too much
welzijn,well-being,Het welzijn van de kinderen staat voorop,The well-being of the children comes first
smalle,narrow,Het smalle straatje is moeilijk te vinden,The narrow alley is hard to find
uitgebouwd,expanded,Het netwerk is uitgebouwd,The network has been expanded
opmerkingen,comments,Heb je opmerkingen over het rapport,Do you have comments on the report
zijnde,being,Dat zijnde gezegd, gaan we verder,That being said, we continue
budgettaire,budgetary,De budgettaire ruimte is beperkt,The budgetary room is limited
ratio,ratio,De ratio tussen kosten en baten is goed,The ratio between costs and benefits is good
ekonomische,economic,De ekonomische groei is vertraagd,Economic growth has slowed
kmo,SME,Een kmo is een kleine of middelgrote onderneming,An SME is a small or medium enterprise
bruikbaar,usable,Het gereedschap is nog bruikbaar,The tool is still usable
gezellig,cozy,Het was een gezellige avond,It was a cozy evening
aanwezige,present,De aanwezige gasten applaudisseerden,The present guests applauded
subtiele,subtle,Er is een subtiel verschil,There is a subtle difference
Time,Time,Time is een Engels woord,Time is an English word
wetsontwerp,bill,Het wetsontwerp is aangenomen,The bill has been adopted
bestemmingen,destinations,De bestemmingen zijn populair,The destinations are popular
richtingen,directions,Er zijn twee richtingen mogelijk,There are two directions possible
keurig,neatly,De kamer is keurig opgeruimd,The room is neatly tidied
illustreert,illustrates,Dit voorbeeld illustreert het probleem,This example illustrates the problem
feitelijke,factual,De feitelijke situatie is anders,The factual situation is different
vergelijkbare,comparable,Er zijn vergelijkbare gevallen,There are comparable cases
rit,ride,De rit met de auto was leuk,The ride in the car was fun
tafels,tables,De tafels zijn gedekt voor het diner,The tables are set for dinner
uitgifte,issuance,De uitgifte van nieuwe aandelen is gepland,The issuance of new shares is planned
Freddy,Freddy,Freddy is een bijnaam voor Frederik,Freddy is a nickname for Frederik
Delvaux,Delvaux,Delvaux is een Belgisch modemerk,Delvaux is a Belgian fashion brand
Dezelfde,The same,Dezelfde fout werd twee keer gemaakt,The same mistake was made twice
verliep,went,Het feest verliep vlot,The party went smoothly
hoofdrol,lead role,Zij speelt de hoofdrol in de film,She plays the lead role in the movie
deelname,participation,Zijn deelname aan de wedstrijd is bevestigd,His participation in the competition is confirmed
Telkens,Each time,Telkens als ik hem zie is hij vrolijk,Each time I see him he is cheerful
Tsjechische,Czech,De Tsjechische republiek ligt in Europa,The Czech Republic is in Europe
bizarre,bizarre,Het was een bizarre situatie,It was a bizarre situation
buitenlands,foreign,Buitenlands beleid is complex,Foreign policy is complex
overleed,passed away,Hij overleed op hoge leeftijd,He passed away at an old age
overwegen,consider,Wij overwegen een nieuwe auto te kopen,We consider buying a new car
es,it (German),Es is Duits voor het,Es is German for it
Geld,Money,Geld maakt niet gelukkig,Money does not make you happy
bladeren,leaves,De bladeren vallen van de bomen,The leaves fall from the trees
Cera,Cera,Cera is een Belgische spaarbank,Cera is a Belgian savings bank
persconferentie,press conference,De persconferentie begint om tien uur,The press conference starts at ten o'clock
aanhouden,keep,De politie hield de man aan,The police arrested the man
eenvoudiger,simpler,Het is eenvoudiger dan het lijkt,It is simpler than it seems
wassen,wash,Ik moet de auto wassen,I must wash the car
treinen,trains,De treinen rijden op tijd,The trains run on time
blind,blind,Hij is blind aan een oog,He is blind in one eye
Let,Let,Let goed op wat ik zeg,Pay attention to what I say
toelaat,allows,Het systeem toelaat geen fouten,The system allows no errors
Norbert,Norbert,Norbert is een Duitse voornaam,Norbert is a German first name
ambitieuze,ambitious,Zij is een ambitieuze onderneemster,She is an ambitious businesswoman
goedkoopste,cheapest,Dit is de goedkoopste optie,This is the cheapest option
eine,a (German),Eine is Duits voor een,Eine is German for a
Office,Office,Office is een Engels woord,Office is an English word
organisatoren,organizers,De organisatoren hebben alles voorbereid,The organizers have prepared everything
reusachtige,enormous,Het reusachtige gebouw was indrukwekkend,The enormous building was impressive
illusie,illusion,Het is een illusie dat alles makkelijk is,It is an illusion that everything is easy
gram,gram,Het weegt honderd gram,It weighs a hundred grams
vergroot,enlarged,De foto is vergroot,The photo has been enlarged
Blijft,Stays,Blijft u nog even,Will you stay a bit longer
agressieve,aggressive,De agressieve hond werd weggehaald,The aggressive dog was removed
handvol,handful,Een handvol mensen protesteerde,A handful of people protested
Derde,Third,De derde keer was succesvol,The third time was successful
duurste,most expensive,Dit is het duurste hotel van de stad,This is the most expensive hotel in the city
mythe,myth,Het verhaal is een mythe,The story is a myth
Franstaligen,French speakers,De Franstaligen wonen vooral in Wallonie,The French speakers mainly live in Wallonia
ensemble,ensemble,Het ensemble speelde een mooi concert,The ensemble played a beautiful concert
tickets,tickets,De tickets zijn uitverkocht,The tickets are sold out
Belgrado,Belgrade,Belgrado is de hoofdstad van Servie,Belgrade is the capital of Serbia
quasi,almost,Het is quasi onmogelijk,It is almost impossible
liquiditeiten,liquid assets,De liquiditeiten van het bedrijf zijn voldoende,The liquid assets of the company are sufficient
Lanotte,Lanotte,Lanotte is een Belgisch politicus,Lanotte is a Belgian politician
thans,currently,Thans is het systeem operationeel,Currently the system is operational
Daartoe,To that end,Daartoe moeten we samenwerken,To that end we must work together
aantrekkingskracht,attraction,De aantrekkingskracht van de stad is groot,The attraction of the city is great
vooravond,eve,Op de vooravond van het feest was alles klaar,On the eve of the party everything was ready
Gemiddeld,Average,Gemiddeld genomen is het weer goed,On average the weather is good
gegeten,eaten,Heb je al gegeten,Have you eaten yet
aansluiten,connect,Zij sluiten de computer aan,They connect the computer
Unilever,Unilever,Unilever is een Nederlands-Brits bedrijf,Unilever is a Dutch-British company
spektakel,spectacle,Het vuurwerk was een groot spektakel,The fireworks were a great spectacle
Wereldbank,World Bank,De Wereldbank verstrekt leningen,The World Bank provides loans
zingt,sings,Zij zingt een mooi lied,She sings a beautiful song
ongeval,accident,Er heeft zich een ongeval voorgedaan,An accident has occurred
Braziliaanse,Brazilian,De Braziliaanse voetballer scoorde,The Brazilian footballer scored
afwerking,finish,De afwerking van het product is perfect,The finish of the product is perfect
Moreels,Moreels,Moreels is een Belgische politicus,Moreels is a Belgian politician
verwonderlijk,surprising,Het is niet verwonderlijk dat hij won,It is not surprising that he won
hierdoor,because of this,Hierdoor werd alles anders,Because of this everything changed
Zoiets,Something like that,Zoiets heb ik nog nooit gezien,Something like that I have never seen
zochten,searched,Zij zochten naar een oplossing,They searched for a solution
woordenboek,dictionary,Het woordenboek staat in de kast,The dictionary is in the cabinet
gezeten,sat,Hij heeft in het bestuur gezeten,He has sat on the board
Jim,Jim,Jim is een korte voornaam,Jim is a short first name
ingrijpende,drastic,Er zijn ingrijpende maatregelen genomen,Drastic measures have been taken
communiceren,communicate,Wij communiceren via e-mail,We communicate via email
boekhouding,bookkeeping,De boekhouding wordt gecontroleerd,The bookkeeping is being checked
kanker,cancer,Kanker is een ernstige ziekte,Cancer is a serious disease
public,public (English),Public is een Engels woord,Public is an English word
vrijlating,release,De vrijlating van de gevangene was nieuws,The release of the prisoner was news
evaluatie,evaluation,De evaluatie van het project is positief,The evaluation of the project is positive
benaderen,approach,Hij benaderde het probleem met zorg,He approached the problem with care
dreigde,threatened,De overheid dreigde met sancties,The government threatened with sanctions
kerken,churches,De kerken in de stad zijn oud,The churches in the city are old
nauwe,close,Zij hebben een nauwe band,They have a close bond
Pro,Pro,Pro is een afkorting voor professioneel,Pro is short for professional
terugbetaald,repaid,De lening is terugbetaald,The loan has been repaid
directiecomité,executive committee,Het directiecomité neemt de beslissing,The executive committee makes the decision
Tessenderlo,Tessenderlo,Tessenderlo is een gemeente in Limburg,Tessenderlo is a municipality in Limburg
Lange,Long,Lange tijd was er geen nieuws,For a long time there was no news
leerling,student,De leerling leest een boek,The student reads a book
verplichting,obligation,Het is een verplichting om te betalen,It is an obligation to pay
plat,flat,Het landschap is plat in Nederland,The landscape is flat in the Netherlands
cyclus,cycle,De cyclus herhaalt zich elk jaar,The cycle repeats itself every year
rechte,straight,De rechte lijn is de kortste weg,The straight line is the shortest path
gered,saved,De hond werd gered uit het water,The dog was saved from the water
jeans,jeans,Hij draagt elke dag jeans,He wears jeans every day
Miert,Miert,Miert is een Belgisch politicus,Miert is a Belgian politician
evenementen,events,De evenementen worden goed bezocht,The events are well attended
hectaren,hectares,Het bos beslaat honderd hectaren,The forest covers a hundred hectares
rozen,roses,De rozen bloeien in de tuin,The roses bloom in the garden
Roeselare,Roeselare,Roeselare is een stad in West-Vlaanderen,Roeselare is a city in West Flanders
aanbrengen,apply,Breng een dunne laag verf aan,Apply a thin layer of paint
toren,tower,De toren is honderd meter hoog,The tower is a hundred meters high
werkzaamheden,activities,De werkzaamheden zijn gestart,The activities have started
geuren,smells,De geuren van de bloemen zijn heerlijk,The smells of the flowers are lovely
erkende,recognized,De erkende instantie keurt het goed,The recognized agency approves it
geografische,geographical,De geografische ligging is gunstig,The geographical location is favorable
Helemaal,Completely,Helemaal niet,Not at all
bereikbaar,reachable,Het eiland is alleen per boot bereikbaar,The island is only reachable by boat
Heb,Have,Heb je het begrepen,Have you understood it
teams,teams,De teams werken samen,The teams work together
daders,perpetrators,De daders zijn gearresteerd,The perpetrators have been arrested
chemie,chemistry,De chemie tussen hen was goed,The chemistry between them was good
erfenis,inheritance,Zij ontving een grote erfenis,She received a large inheritance
uitgerekend,exactly,Uitgerekend vandaag begint het te regenen,Exactly today it starts to rain
verlichting,lighting,De verlichting in de kamer is zacht,The lighting in the room is soft
afgeschaft,abolished,De wet is afgeschaft,The law has been abolished
eeuwige,eternal,De eeuwige strijd tussen goed en kwaad,The eternal struggle between good and evil
vermeden,avoided,Het conflict werd vermeden,The conflict was avoided
rusten,rest,Na het werk moet je rusten,After work you must rest
branden,burn,De kaarsen branden de hele nacht,The candles burn all night
gevierd,celebrated,Zij is gevierd om haar werk,She is celebrated for her work
toeschouwers,spectators,De toeschouwers juichten luid,The spectators cheered loudly
gewaarschuwd,warned,Hij is gewaarschuwd voor het gevaar,He has been warned of the danger
vervullen,fulfill,Zij vervullen hun droom,They fulfill their dream
verplichtingen,obligations,De verplichtingen zijn nagekomen,The obligations have been met
zoete,sweet,De zoete taart was lekker,The sweet cake was tasty
paus,pope,De paus sprak tot de gelovigen,The pope spoke to the faithful
jarenlange,years-long,Na jarenlange inspanning was het doel bereikt,After years-long effort the goal was achieved
schadevergoeding,compensation,De schadevergoeding werd uitbetaald,The compensation was paid out
Verplaetse,Verplaetse,Verplaetse was een Belgische bankier,Verplaetse was a Belgian banker
Nou,Well,Nou, dat is vervelend,Well, that is annoying
geweigerd,refused,Hij heeft de baan geweigerd,He refused the job
stapel,stack,Een stapel boeken ligt op het bureau,A stack of books lies on the desk
luidde,sounded,De bel luidde om acht uur,The bell sounded at eight o'clock
genetisch,genetic,Genetisch onderzoek heeft vooruitgang geboekt,Genetic research has made progress
straffen,punish,Zij straffen de overtreders,They punish the offenders
aankondiging,announcement,De aankondiging werd goed ontvangen,The announcement was well received
bladen,sheets,De bladen liggen op tafel,The sheets are on the table
docent,lecturer,De docent geeft les in geschiedenis,The lecturer teaches history
monument,monument,Het monument herinnert aan de oorlog,The monument commemorates the war
berekenen,calculate,Kun je de kosten berekenen,Can you calculate the costs
tomaten,tomatoes,De tomaten zijn rijp,The tomatoes are ripe
avonden,evenings,De avonden worden langer,The evenings are getting longer
noteerde,recorded,Hij noteerde de gegevens in een schrift,He recorded the data in a notebook
banksector,banking sector,De banksector is gereguleerd,The banking sector is regulated
meubel,piece of furniture,Dit meubel is antiek,This piece of furniture is antique
bvba,bvba,Bvba staat voor besloten vennootschap met beperkte aansprakelijkheid,Bvba stands for private limited liability company
verbindingen,connections,De verbindingen zijn verbeterd,The connections have been improved
ruimschoots,amply,De tijd was ruimschoots voldoende,The time was amply sufficient
hetgeen,which,Hetgeen hij zei was waar,What he said was true
eindeloos,endless,Het wachten leek eindeloos,The waiting seemed endless
bewuste,conscious,Het was een bewuste keuze,It was a conscious choice
afvragen,wonder,Ik vraag me af of hij komt,I wonder if he will come
soep,soup,De soep is warm,The soup is hot
Congres,Congress,Het congres vindt plaats in Berlijn,The congress takes place in Berlin
America,America,America is een continent,America is a continent
aandelenmarkten,stock markets,De aandelenmarkten zijn hersteld,The stock markets have recovered
NCMV,NCMV,NCMV was een Vlaamse ondernemersorganisatie,NCMV was a Flemish entrepreneurs organization
reisagent,travel agent,De reisagent boekte de vlucht,The travel agent booked the flight
aankomst,arrival,De aankomst is om vijf uur,The arrival is at five o'clock
creaties,creations,Haar creaties zijn uniek,Her creations are unique
voorraden,stocks,De voorraden zijn toereikend,The stocks are sufficient
heerlijk,delicious,Het eten was heerlijk,The food was delicious
branche,sector,De branche groeit snel,The sector is growing quickly
Daarover,About that,Daarover wil ik het niet hebben,I do not want to talk about that
passeren,pass,De auto's passeren de brug,The cars pass the bridge
cruciaal,crucial,Het is cruciaal dat we op tijd zijn,It is crucial that we are on time
tegendeel,opposite,Het tegendeel is waar,The opposite is true
Zuid-Korea,South Korea,Zuid-Korea is een technologisch geavanceerd land,South Korea is a technologically advanced country
there,there (English),There is een Engels woord,There is an English word
Sachs,Sachs,Sachs is een Duitse achternaam,Sachs is a German surname
belegt,invests,Het fonds belegt in duurzame energie,The fund invests in sustainable energy
schone,clean,De schone lucht is goed voor de gezondheid,Clean air is good for health
zeilen,sails,De zeilen van de boot zijn wit,The sails of the boat are white
taalgebruik,language use,Het taalgebruik in het boek is moeilijk,The language use in the book is difficult
pensioenen,pensions,De pensioenen worden verhoogd,The pensions are being increased
trainer,trainer,De trainer leidt het team,The trainer leads the team
Pakistan,Pakistan,Pakistan is een land in Zuid-Azie,Pakistan is a country in South Asia
werpen,throw,Zij werpen de bal naar elkaar,They throw the ball to each other
directeur-generaal,director-general,De directeur-generaal geeft leiding,The director-general provides leadership
verderop,further along,Verderop is het park,Further along is the park
twijfelen,doubt,Ik twijfel aan zijn verhaal,I doubt his story
files,traffic jams,De files op de snelweg waren lang,The traffic jams on the highway were long
Christie's,Christie's,Christie's is een veilinghuis,Christie's is an auction house
Janssens,Janssens,Janssens is een veelvoorkomende Belgische achternaam,Janssens is a common Belgian surname
GSM,cell phone,De GSM is een draagbare telefoon,The cell phone is a portable phone
Telinfo,Telinfo,Telinfo was een Belgische telecomgids,Telinfo was a Belgian telecom directory
cafés,cafes,De cafés in de stad zijn gezellig,The cafes in the city are cozy
reed,drove,Hij reed met de auto naar huis,He drove home by car
Landbouw,Agriculture,Landbouw is belangrijk voor de voedselvoorziening,Agriculture is important for the food supply
logische,logical,Dat is een logische conclusie,That is a logical conclusion
leerkrachten,teachers,De leerkrachten hebben een belangrijke taak,The teachers have an important task
elektronica,electronics,Elektronica wordt steeds goedkoper,Electronics become cheaper and cheaper
streken,regions,De streken in het zuiden zijn bergachtig,The regions in the south are mountainous
Rio,Rio,Rio de Janeiro is een stad in Brazilië,Rio de Janeiro is a city in Brazil
Week,Week,Week is een Engels woord,Week is an English word
terugbetaling,repayment,De terugbetaling van de lening duurt jaren,The repayment of the loan takes years
pence,pence,De prijs was vijftig pence,The price was fifty pence
vervelend,annoying,Het is vervelend dat de winkel dicht is,It is annoying that the shop is closed
verdubbeld,doubled,De omzet is verdubbeld,The turnover has doubled
schetst,sketches,Het rapport schetst een somber beeld,The report paints a gloomy picture
duurzame,sustainable,Duurzame energie is de toekomst,Sustainable energy is the future
hoef,need,Je hoeft niet te komen,You do not need to come
Zeven,Seven,Zeven is een geluksgetal,Seven is a lucky number
gras,grass,Het gras is groen,The grass is green
cadeau,present,Ik kreeg een mooi cadeau,I received a nice present
aankomen,arrive,De bus zal over tien minuten aankomen,The bus will arrive in ten minutes
onmiddellijke,immediate,Er was een onmiddellijke reactie,There was an immediate reaction
afwachten,wait and see,We moeten de uitslag afwachten,We must wait for the result
klonk,sounded,Zijn stem klonk vriendelijk,His voice sounded friendly
familiebedrijf,family business,Het familiebedrijf bestaat al drie generaties,The family business has existed for three generations
beu,fed up,Ik ben het beu,I am fed up with it
uitspreken,pronounce,Kun je dit woord uitspreken,Can you pronounce this word
verstandig,sensible,Het is verstandig om te wachten,It is sensible to wait
Marokkaanse,Moroccan,De Marokkaanse keuken is gevarieerd,The Moroccan cuisine is varied
dividenden,dividends,De dividenden worden uitgekeerd,The dividends are paid out
antieke,antique,De antieke meubels zijn waardevol,The antique furniture is valuable
Kris,Kris,Kris is een Vlaamse voornaam,Kris is a Flemish first name
Juist,Correct,Juist, dat is het antwoord,Correct, that is the answer
kwartier,quarter,Het is een kwartier lopen,It is a quarter of an hour walk
elegant,elegant,Zij droeg een elegante jurk,She wore an elegant dress
engagement,commitment,Zijn engagement voor het project is groot,His commitment to the project is great
recept,recipe,Het recept staat in het kookboek,The recipe is in the cookbook
onzeker,uncertain,De toekomst is onzeker,The future is uncertain
onderzoekscommissie,investigation committee,De onderzoekscommissie presenteert haar bevindingen,The investigation committee presents its findings
Groen,Green,Groen is de kleur van hoop,Green is the color of hope
rendementen,returns,De rendementen op de beurs zijn hoog,The returns on the stock market are high
gedraaid,turned,Hij heeft zich omgedraaid,He turned around
ouderwetse,old-fashioned,Het is een ouderwetse methode,It is an old-fashioned method
invloeden,influences,De invloeden van buitenaf zijn groot,The outside influences are great
vreselijk,terrible,Het was een vreselijke ervaring,It was a terrible experience
aangetast,affected,Het hout is aangetast door de regen,The wood has been affected by the rain
schuift,slides,De deur schuift makkelijk open,The door slides open easily
mensheid,humanity,De mensheid heeft veel bereikt,Humanity has achieved a lot
publiceren,publish,Zij publiceren hun onderzoek,They publish their research
gestaan,stood,Hij heeft vooraan gestaan,He stood at the front
precieze,precise,De precieze locatie is onbekend,The precise location is unknown
vergaderingen,meetings,De vergaderingen zijn elke maandag,The meetings are every Monday
Praag,Prague,Praag is de hoofdstad van Tsjechië,Prague is the capital of Czechia
beursgang,IPO,De beursgang van het bedrijf was een succes,The IPO of the company was a success
gekende,known,Het is een gekend probleem,It is a known problem
ironie,irony,De ironie van de situatie ontging hem niet,The irony of the situation was not lost on him
Sint,Saint,Sint Nikolaas komt in december,Saint Nicholas comes in December
logistieke,logistical,De logistieke uitdaging is groot,The logistical challenge is great
reist,travels,Hij reist veel voor zijn werk,He travels a lot for his work
vet,fat,Het vlees bevat veel vet,The meat contains a lot of fat
verkregen,obtained,De resultaten zijn verkregen na onderzoek,The results were obtained after research
Daaruit,From that,Daaruit kunnen we concluderen,From that we can conclude
kochten,bought,Zij kochten een nieuw huis,They bought a new house
Marie,Marie,Marie is een Franse meisjesnaam,Marie is a French girl's name
fameuze,famous,Het is een fameus restaurant,It is a famous restaurant
Declerck,Declerck,Declerck is een Belgische achternaam,Declerck is a Belgian surname
Brinkman,Brinkman,Brinkman is een Nederlandse achternaam,Brinkman is a Dutch surname
Afgelopen,Last,Afgelopen week was het warm,Last week it was warm
baat,benefit,De baat van de maatregel is duidelijk,The benefit of the measure is clear
lezing,lecture,De lezing wordt gegeven door een expert,The lecture is given by an expert
vermoed,suspect,Ik vermoed dat hij gelijk heeft,I suspect that he is right
zuidelijke,southern,De zuidelijke provincies zijn warm,The southern provinces are warm
com,com,Com is een internet domein,Com is an internet domain
paradijs,paradise,Het eiland is een paradijs,The island is a paradise
pijnlijk,painful,Het was een pijnlijke ervaring,It was a painful experience
do,do (English),Do is een Engels werkwoord,Do is an English verb
Mieke,Mieke,Mieke is een Nederlandse meisjesnaam,Mieke is a Dutch girl's name
Pentium,Pentium,Pentium is een processortype,Pentium is a processor type
laatst,last,Wanneer was je laatst in Belgie,When were you last in Belgium
Hiermee,Herewith,Hiermee sluit ik de vergadering,Herewith I close the meeting
aanstaande,upcoming,Aanstaande vrijdag is het feest,This coming Friday is the party
exploitatie,operation,De exploitatie van de fabriek is gestopt,The operation of the factory has stopped
voorhanden,available,Er zijn geen middelen voorhanden,There are no resources available
ondertekend,signed,Het contract is ondertekend,The contract has been signed
sympathie,sympathy,Zij heeft veel sympathie voor de zaak,She has a lot of sympathy for the cause
omlaag,downward,De prijzen gaan omlaag,Prices are going down
openheid,openness,Openheid is belangrijk in een relatie,Openness is important in a relationship
smaken,tastes,De smaken van de wijn zijn complex,The tastes of the wine are complex
set,set,Een set gereedschap is nuttig,A set of tools is useful
about,about (English),About is een Engels woord,About is an English word
more,more (English),More is een Engels woord,More is an English word
Travel,Travel,Travel is een Engels woord,Travel is an English word
internet,internet,Het internet is een bron van informatie,The internet is a source of information
distributeurs,distributors,De distributeurs leveren aan de winkels,The distributors deliver to the stores
draagbare,portable,De draagbare computer is licht,The portable computer is light
nuttige,useful,Het was een nuttige ervaring,It was a useful experience
gereden,driven,Hij heeft de hele weg gereden,He has driven the entire way
fortuin,fortune,Hij heeft een fortuin verdiend,He has earned a fortune
Omwille,For the sake of,Omwille van de tijd stoppen we,For the sake of time we stop
aardige,kind,Zij is een aardige vrouw,She is a kind woman
koor,choir,Het koor zingt prachtig,The choir sings beautifully
prioriteiten,priorities,Prioriteiten stellen is belangrijk,Setting priorities is important
uitgezonden,broadcast,Het programma is uitgezonden,The program has been broadcast
aanbiedingen,offers,De aanbiedingen zijn geldig tot zaterdag,The offers are valid until Saturday
info,info,Voor meer info zie de website,For more info see the website
tunnel,tunnel,De tunnel is bijna klaar,The tunnel is almost finished
pijnlijke,painful,Het was een pijnlijke vergissing,It was a painful mistake
kip,chicken,De kip loopt in het hok,The chicken walks in the coop
Doe,Do,Doe voorzichtig,Do be careful
constante,constant,De constante temperatuur is aangenaam,The constant temperature is pleasant
overstap,transfer,De overstap in Amsterdam was kort,The transfer in Amsterdam was short
sober,sober,De kamer was sober ingericht,The room was soberly furnished
raadsleden,council members,De raadsleden stemden voor,The council members voted in favor
textiel,textiles,Textiel wordt in deze fabriek gemaakt,Textiles are made in this factory
uitoefenprijs,strike price,De uitoefenprijs van de optie is vastgesteld,The strike price of the option has been set
Hendrik,Hendrik,Hendrik is een veelvoorkomende Nederlandse naam,Hendrik is a common Dutch name
Wales,Wales,Wales is een deel van Groot-Brittannie,Wales is a part of Great Britain
Antonio,Antonio,Antonio is een Italiaanse en Spaanse naam,Antonio is an Italian and Spanish name
Honda,Honda,Honda maakt auto's en motoren,Honda makes cars and motorcycles
Clabecq,Clabecq,Clabecq is een Waalse staalfabriek,Clabecq is a Walloon steel factory
Hoore,Hoore,Hoore is een Belgische achternaam,Hoore is a Belgian surname
daadwerkelijk,actually,Hij is daadwerkelijk gekomen,He actually came
hogescholen,colleges,De hogescholen bieden praktijkgericht onderwijs,The colleges offer practice-oriented education
repertoire,repertoire,Het repertoire van het orkest is uitgebreid,The repertoire of the orchestra is extensive
luchtvaartmaatschappijen,airlines,De luchtvaartmaatschappijen verhogen hun tarieven,The airlines increase their fares
aangesproken,addressed,Hij werd aangesproken door een vreemdeling,He was addressed by a stranger
ophouden,stop,Hou op met dat lawaai,Stop that noise
mislukt,failed,De poging is mislukt,The attempt has failed
geslacht,gender,Het geslacht van het kind is bekend,The gender of the child is known
bewerkt,processed,Het hout is bewerkt tot meubels,The wood has been processed into furniture
raadplegen,consult,Raadpleeg uw arts bij twijfel,Consult your doctor if in doubt
ethische,ethical,Ethische vragen zijn moeilijk te beantwoorden,Ethical questions are hard to answer
bossen,forests,De bossen in Scandinavie zijn uitgestrekt,The forests in Scandinavia are vast
Greenpeace,Greenpeace,Greenpeace is een milieuorganisatie,Greenpeace is an environmental organization
keuzes,choices,Soms moet je moeilijke keuzes maken,Sometimes you must make difficult choices
culinaire,culinary,De culinaire hoogstandjes waren verrukkelijk,The culinary delights were delicious
Williams,Williams,Williams is een Engelse achternaam,Williams is an English surname
investeerde,invested,Hij investeerde in vastgoed,He invested in real estate
voorgestelde,proposed,Het voorgestelde plan is goedgekeurd,The proposed plan has been approved
bruine,brown,De bruine suiker is gezonder,Brown sugar is healthier
driehonderd,three hundred,Driehonderd mensen woonden het concert bij,Three hundred people attended the concert
Jongeren,Young people,Jongeren zijn de toekomst,Young people are the future
rechtse,right-wing,De rechtse partij won de verkiezingen,The right-wing party won the elections